Date,Name,Year,Letterboxd URI
2017-06-30,Mad Max: Fury Road,2015,https://letterboxd.com/film/mad-max-fury-road/
2017-06-30,Star Wars: The Force Awakens,2015,https://letterboxd.com/film/star-wars-the-force-awakens/
2017-06-30,Whiplash,2014,https://letterboxd.com/film/whiplash-2014/
2017-06-30,Interstellar,2014,https://letterboxd.com/film/interstellar/
2017-06-30,Guardians of the Galaxy,2014,https://letterboxd.com/film/guardians-of-the-galaxy/
2017-06-30,Birdman or (The Unexpected Virtue of Ignorance),2014,https://letterboxd.com/film/birdman-or-the-unexpected-virtue-of-ignorance/
2017-06-30,Inside Out,2015,https://letterboxd.com/film/inside-out-2015/
2017-06-30,Moonlight,2016,https://letterboxd.com/film/moonlight-2016/
2017-06-30,Gravity,2013,https://letterboxd.com/film/gravity-2013/
2017-06-30,The Avengers,2012,https://letterboxd.com/film/the-avengers-2012/
2017-06-30,Alien,1979,https://letterboxd.com/film/alien/
2017-06-30,2001: A Space Odyssey,1968,https://letterboxd.com/film/2001-a-space-odyssey/
2017-06-30,Eternal Sunshine of the Spotless Mind,2004,https://letterboxd.com/film/eternal-sunshine-of-the-spotless-mind/
2017-06-30,The Social Network,2010,https://letterboxd.com/film/the-social-network/
2017-06-30,Avengers: Age of Ultron,2015,https://letterboxd.com/film/avengers-age-of-ultron/
2017-06-30,Taxi Driver,1976,https://letterboxd.com/film/taxi-driver/
2017-06-30,Spotlight,2015,https://letterboxd.com/film/spotlight/
2017-06-30,Moonrise Kingdom,2012,https://letterboxd.com/film/moonrise-kingdom/
2017-06-30,The Silence of the Lambs,1991,https://letterboxd.com/film/the-silence-of-the-lambs/
2017-06-30,Room,2015,https://letterboxd.com/film/room-2015/
2017-06-30,Jurassic Park,1993,https://letterboxd.com/film/jurassic-park/
2017-06-30,The Matrix,1999,https://letterboxd.com/film/the-matrix/
2017-06-30,The Shawshank Redemption,1994,https://letterboxd.com/film/the-shawshank-redemption/
2017-06-30,Black Swan,2010,https://letterboxd.com/film/black-swan/
2017-06-30,American Beauty,1999,https://letterboxd.com/film/american-beauty/
2017-06-30,WALL·E,2008,https://letterboxd.com/film/walle/
2017-06-30,Forrest Gump,1994,https://letterboxd.com/film/forrest-gump/
2017-06-30,Silver Linings Playbook,2012,https://letterboxd.com/film/silver-linings-playbook/
2017-06-30,Psycho,1960,https://letterboxd.com/film/psycho/
2017-06-30,Up,2009,https://letterboxd.com/film/up/
2017-06-30,Big Hero 6,2014,https://letterboxd.com/film/big-hero-6/
2017-06-30,Carol,2015,https://letterboxd.com/film/carol-2015/
2017-06-30,Finding Nemo,2003,https://letterboxd.com/film/finding-nemo/
2017-06-30,Frozen,2013,https://letterboxd.com/film/frozen-2013/
2017-06-30,Trainspotting,1996,https://letterboxd.com/film/trainspotting/
2017-06-30,The Hunger Games,2012,https://letterboxd.com/film/the-hunger-games/
2017-06-30,American Psycho,2000,https://letterboxd.com/film/american-psycho/
2017-06-30,Amélie,2001,https://letterboxd.com/film/amelie/
2017-06-30,Moana,2016,https://letterboxd.com/film/moana-2016/
2017-06-30,The Truman Show,1998,https://letterboxd.com/film/the-truman-show/
2017-06-30,The Hunger Games: Catching Fire,2013,https://letterboxd.com/film/the-hunger-games-catching-fire/
2017-06-30,Titanic,1997,https://letterboxd.com/film/titanic-1997/
2017-06-30,The Breakfast Club,1985,https://letterboxd.com/film/the-breakfast-club/
2017-06-30,Requiem for a Dream,2000,https://letterboxd.com/film/requiem-for-a-dream/
2017-06-30,The Perks of Being a Wallflower,2012,https://letterboxd.com/film/the-perks-of-being-a-wallflower/
2017-06-30,"Monsters, Inc.",2001,https://letterboxd.com/film/monsters-inc/
2017-06-30,The Royal Tenenbaums,2001,https://letterboxd.com/film/the-royal-tenenbaums/
2017-06-30,Life of Pi,2012,https://letterboxd.com/film/life-of-pi/
2017-06-30,Citizen Kane,1941,https://letterboxd.com/film/citizen-kane/
2017-06-30,Harry Potter and the Deathly Hallows: Part 2,2011,https://letterboxd.com/film/harry-potter-and-the-deathly-hallows-part-2/
2017-06-30,Good Will Hunting,1997,https://letterboxd.com/film/good-will-hunting/
2017-06-30,E.T. the Extra-Terrestrial,1982,https://letterboxd.com/film/et-the-extra-terrestrial/
2017-06-30,Harry Potter and the Prisoner of Azkaban,2004,https://letterboxd.com/film/harry-potter-and-the-prisoner-of-azkaban/
2017-06-30,Thor: The Dark World,2013,https://letterboxd.com/film/thor-the-dark-world/
2017-06-30,Thor,2011,https://letterboxd.com/film/thor/
2017-06-30,Harry Potter and the Philosopher's Stone,2001,https://letterboxd.com/film/harry-potter-and-the-philosophers-stone/
2017-06-30,Midnight in Paris,2011,https://letterboxd.com/film/midnight-in-paris/
2017-06-30,The Theory of Everything,2014,https://letterboxd.com/film/the-theory-of-everything-2014/
2017-06-30,V for Vendetta,2005,https://letterboxd.com/film/v-for-vendetta/
2017-06-30,Hidden Figures,2016,https://letterboxd.com/film/hidden-figures/
2017-06-30,Groundhog Day,1993,https://letterboxd.com/film/groundhog-day/
2017-06-30,The Amazing Spider-Man,2012,https://letterboxd.com/film/the-amazing-spider-man/
2017-06-30,Little Miss Sunshine,2006,https://letterboxd.com/film/little-miss-sunshine/
2017-06-30,Juno,2007,https://letterboxd.com/film/juno/
2017-06-30,The Hunger Games: Mockingjay - Part 1,2014,https://letterboxd.com/film/the-hunger-games-mockingjay-part-1/
2017-06-30,Harry Potter and the Deathly Hallows: Part 1,2010,https://letterboxd.com/film/harry-potter-and-the-deathly-hallows-part-1/
2017-06-30,Harry Potter and the Goblet of Fire,2005,https://letterboxd.com/film/harry-potter-and-the-goblet-of-fire/
2017-06-30,Harry Potter and the Chamber of Secrets,2002,https://letterboxd.com/film/harry-potter-and-the-chamber-of-secrets/
2017-06-30,Spider-Man,2002,https://letterboxd.com/film/spider-man/
2017-06-30,The Sixth Sense,1999,https://letterboxd.com/film/the-sixth-sense/
2017-06-30,Harry Potter and the Order of the Phoenix,2007,https://letterboxd.com/film/harry-potter-and-the-order-of-the-phoenix/
2017-06-30,Beauty and the Beast,2017,https://letterboxd.com/film/beauty-and-the-beast-2017/
2017-06-30,Harry Potter and the Half-Blood Prince,2009,https://letterboxd.com/film/harry-potter-and-the-half-blood-prince/
2017-06-30,Home Alone,1990,https://letterboxd.com/film/home-alone/
2017-06-30,Brave,2012,https://letterboxd.com/film/brave-2012/
2017-06-30,Monsters University,2013,https://letterboxd.com/film/monsters-university/
2017-06-30,The Curious Case of Benjamin Button,2008,https://letterboxd.com/film/the-curious-case-of-benjamin-button/
2017-06-30,How to Train Your Dragon,2010,https://letterboxd.com/film/how-to-train-your-dragon/
2017-06-30,The Nightmare Before Christmas,1993,https://letterboxd.com/film/the-nightmare-before-christmas/
2017-06-30,The Graduate,1967,https://letterboxd.com/film/the-graduate/
2017-06-30,Slumdog Millionaire,2008,https://letterboxd.com/film/slumdog-millionaire/
2017-06-30,The Hunger Games: Mockingjay - Part 2,2015,https://letterboxd.com/film/the-hunger-games-mockingjay-part-2/
2017-06-30,Mean Girls,2004,https://letterboxd.com/film/mean-girls/
2017-06-30,Aladdin,1992,https://letterboxd.com/film/aladdin/
2017-06-30,Dead Poets Society,1989,https://letterboxd.com/film/dead-poets-society/
2017-06-30,Ocean's Eleven,2001,https://letterboxd.com/film/oceans-eleven-2001/
2017-06-30,Blue Jasmine,2013,https://letterboxd.com/film/blue-jasmine/
2017-06-30,Scream,1996,https://letterboxd.com/film/scream/
2017-06-30,It's a Wonderful Life,1946,https://letterboxd.com/film/its-a-wonderful-life/
2017-06-30,Tangled,2010,https://letterboxd.com/film/tangled-2010/
2017-06-30,We Need to Talk About Kevin,2011,https://letterboxd.com/film/we-need-to-talk-about-kevin/
2017-06-30,The Pianist,2002,https://letterboxd.com/film/the-pianist/
2017-06-30,Easy A,2010,https://letterboxd.com/film/easy-a/
2017-06-30,Pitch Perfect,2012,https://letterboxd.com/film/pitch-perfect/
2017-06-30,Bridesmaids,2011,https://letterboxd.com/film/bridesmaids/
2017-06-30,The Blair Witch Project,1999,https://letterboxd.com/film/the-blair-witch-project/
2017-06-30,A Beautiful Mind,2001,https://letterboxd.com/film/a-beautiful-mind/
2017-06-30,Charlie and the Chocolate Factory,2005,https://letterboxd.com/film/charlie-and-the-chocolate-factory/
2017-06-30,The Spectacular Now,2013,https://letterboxd.com/film/the-spectacular-now/
2017-06-30,The Fault in Our Stars,2014,https://letterboxd.com/film/the-fault-in-our-stars/
2017-06-30,10 Things I Hate About You,1999,https://letterboxd.com/film/10-things-i-hate-about-you/
2017-06-30,About Time,2013,https://letterboxd.com/film/about-time/
2017-06-30,Cast Away,2000,https://letterboxd.com/film/cast-away/
2017-06-30,Mulan,1998,https://letterboxd.com/film/mulan/
2017-06-30,Gremlins,1984,https://letterboxd.com/film/gremlins/
2017-06-30,Clueless,1995,https://letterboxd.com/film/clueless/
2017-06-30,The Help,2011,https://letterboxd.com/film/the-help/
2017-06-30,To Kill a Mockingbird,1962,https://letterboxd.com/film/to-kill-a-mockingbird/
2017-06-30,Up in the Air,2009,https://letterboxd.com/film/up-in-the-air/
2017-06-30,Despicable Me 2,2013,https://letterboxd.com/film/despicable-me-2/
2017-06-30,Divergent,2014,https://letterboxd.com/film/divergent/
2017-06-30,Heathers,1988,https://letterboxd.com/film/heathers/
2017-06-30,Wild,2014,https://letterboxd.com/film/wild/
2017-06-30,Begin Again,2013,https://letterboxd.com/film/begin-again/
2017-06-30,Into the Woods,2014,https://letterboxd.com/film/into-the-woods-2014/
2017-06-30,Saw,2004,https://letterboxd.com/film/saw/
2017-07-01,Jennifer's Body,2009,https://letterboxd.com/film/jennifers-body/
2017-07-01,What's Eating Gilbert Grape,1993,https://letterboxd.com/film/whats-eating-gilbert-grape/
2017-07-01,Soul Surfer,2011,https://letterboxd.com/film/soul-surfer/
2017-07-01,"The Chronicles of Narnia: The Lion, the Witch and the Wardrobe",2005,https://letterboxd.com/film/the-chronicles-of-narnia-the-lion-the-witch-and-the-wardrobe/
2017-07-01,The Blind Side,2009,https://letterboxd.com/film/the-blind-side/
2017-07-01,A Walk to Remember,2002,https://letterboxd.com/film/a-walk-to-remember/
2017-07-01,Pride & Prejudice,2005,https://letterboxd.com/film/pride-prejudice/
2017-08-24,Dunkirk,2017,https://letterboxd.com/film/dunkirk-2017/
2018-01-07,Gone Girl,2014,https://letterboxd.com/film/gone-girl/
2018-01-07,Her,2013,https://letterboxd.com/film/her/
2018-01-07,Deadpool,2016,https://letterboxd.com/film/deadpool/
2018-01-07,The Shining,1980,https://letterboxd.com/film/the-shining/
2018-01-07,Wonder Woman,2017,https://letterboxd.com/film/wonder-woman-2017/
2018-01-07,Se7en,1995,https://letterboxd.com/film/se7en/
2018-01-07,Donnie Darko,2001,https://letterboxd.com/film/donnie-darko/
2018-01-07,Mulholland Drive,2001,https://letterboxd.com/film/mulholland-drive/
2018-01-07,Lost in Translation,2003,https://letterboxd.com/film/lost-in-translation/
2018-01-07,Punch-Drunk Love,2002,https://letterboxd.com/film/punch-drunk-love/
2018-01-07,The Edge of Seventeen,2016,https://letterboxd.com/film/the-edge-of-seventeen/
2018-01-07,Ghostbusters,2016,https://letterboxd.com/film/ghostbusters-2016/
2018-01-07,The Conjuring,2013,https://letterboxd.com/film/the-conjuring/
2018-01-16,"Girl, Interrupted",1999,https://letterboxd.com/film/girl-interrupted/
2018-01-16,Bring It On,2000,https://letterboxd.com/film/bring-it-on/
2018-01-16,Legally Blonde,2001,https://letterboxd.com/film/legally-blonde/
2018-01-16,Thelma & Louise,1991,https://letterboxd.com/film/thelma-louise/
2018-01-16,Fried Green Tomatoes,1991,https://letterboxd.com/film/fried-green-tomatoes/
2018-01-16,John Tucker Must Die,2006,https://letterboxd.com/film/john-tucker-must-die/
2018-01-16,Comet,2014,https://letterboxd.com/film/comet/
2018-01-16,Mr. Nobody,2009,https://letterboxd.com/film/mr-nobody/
2018-01-16,(500) Days of Summer,2009,https://letterboxd.com/film/500-days-of-summer/
2018-01-16,Rise of the Guardians,2012,https://letterboxd.com/film/rise-of-the-guardians/
2018-01-16,Driving Miss Daisy,1989,https://letterboxd.com/film/driving-miss-daisy/
2018-01-17,Dear Zachary: A Letter to a Son About His Father,2008,https://letterboxd.com/film/dear-zachary-a-letter-to-a-son-about-his-father/
2018-02-26,La La Land,2016,https://letterboxd.com/film/la-la-land/
2018-02-26,Call Me by Your Name,2017,https://letterboxd.com/film/call-me-by-your-name/
2018-02-26,Arrival,2016,https://letterboxd.com/film/arrival-2016/
2018-02-26,Get Out,2017,https://letterboxd.com/film/get-out-2017/
2018-03-16,Lady Bird,2017,https://letterboxd.com/film/lady-bird/
2018-03-20,The Darkest Hour,2011,https://letterboxd.com/film/the-darkest-hour/
2018-03-20,The Shape of Water,2017,https://letterboxd.com/film/the-shape-of-water/
2018-04-07,Pariah,2011,https://letterboxd.com/film/pariah/
2018-04-07,But I'm a Cheerleader,1999,https://letterboxd.com/film/but-im-a-cheerleader/
2018-04-07,Manchester by the Sea,2016,https://letterboxd.com/film/manchester-by-the-sea/
2018-04-07,The Place Beyond the Pines,2012,https://letterboxd.com/film/the-place-beyond-the-pines/
2018-04-07,Frances Ha,2012,https://letterboxd.com/film/frances-ha/
2018-04-07,Pitch Perfect 2,2015,https://letterboxd.com/film/pitch-perfect-2/
2018-07-02,The Chronicles of Narnia: Prince Caspian,2008,https://letterboxd.com/film/the-chronicles-of-narnia-prince-caspian/
2018-07-02,Beauty and the Beast,1991,https://letterboxd.com/film/beauty-and-the-beast-1991/
2018-07-02,Hercules,1997,https://letterboxd.com/film/hercules-1997/
2018-07-02,The Parent Trap,1998,https://letterboxd.com/film/the-parent-trap-1998/
2018-07-02,Sleeping Beauty,1959,https://letterboxd.com/film/sleeping-beauty/
2018-07-02,Snow White and the Seven Dwarfs,1937,https://letterboxd.com/film/snow-white-and-the-seven-dwarfs/
2018-07-02,Cinderella,1950,https://letterboxd.com/film/cinderella/
2018-07-02,The Little Mermaid,1989,https://letterboxd.com/film/the-little-mermaid/
2018-07-02,The Devil Wears Prada,2006,https://letterboxd.com/film/the-devil-wears-prada/
2018-07-03,Schindler's List,1993,https://letterboxd.com/film/schindlers-list/
2018-07-04,Meet the Parents,2000,https://letterboxd.com/film/meet-the-parents/
2018-07-04,50 First Dates,2004,https://letterboxd.com/film/50-first-dates/
2018-07-04,The Usual Suspects,1995,https://letterboxd.com/film/the-usual-suspects/
2018-12-24,Kill Bill: Vol. 1,2003,https://letterboxd.com/film/kill-bill-vol-1/
2018-12-24,The Prestige,2006,https://letterboxd.com/film/the-prestige/
2018-12-24,Inception,2010,https://letterboxd.com/film/inception/
2018-12-24,The Godfather,1972,https://letterboxd.com/film/the-godfather/
2018-12-24,No Country for Old Men,2007,https://letterboxd.com/film/no-country-for-old-men/
2018-12-24,Memento,2000,https://letterboxd.com/film/memento/
2018-12-24,The Big Sick,2017,https://letterboxd.com/film/the-big-sick/
2018-12-24,Thoroughbreds,2017,https://letterboxd.com/film/thoroughbreds-2017/
2018-12-24,Black Panther,2018,https://letterboxd.com/film/black-panther-2018/
2018-12-24,Lion,2016,https://letterboxd.com/film/lion/
2018-12-24,Aparajito,1956,https://letterboxd.com/film/aparajito/
2018-12-24,The Virgin Suicides,1999,https://letterboxd.com/film/the-virgin-suicides/
2018-12-24,Candyman,1992,https://letterboxd.com/film/candyman/
2018-12-24,The Lion King,1994,https://letterboxd.com/film/the-lion-king/
2018-12-24,Stand by Me,1986,https://letterboxd.com/film/stand-by-me/
2018-12-24,Crash,2004,https://letterboxd.com/film/crash-2004/
2018-12-24,"Three Billboards Outside Ebbing, Missouri",2017,https://letterboxd.com/film/three-billboards-outside-ebbing-missouri/
2018-12-24,Barton Fink,1991,https://letterboxd.com/film/barton-fink/
2018-12-24,Shutter Island,2010,https://letterboxd.com/film/shutter-island/
2018-12-26,Fruitvale Station,2013,https://letterboxd.com/film/fruitvale-station/
2019-01-02,Bird Box,2018,https://letterboxd.com/film/bird-box/
2019-03-24,Raw,2016,https://letterboxd.com/film/raw-2016/
2019-03-24,Taylor Swift: Reputation Stadium Tour,2018,https://letterboxd.com/film/taylor-swift-reputation-stadium-tour/
2019-03-24,Black Mirror: Bandersnatch,2018,https://letterboxd.com/film/black-mirror-bandersnatch/
2019-03-24,Beautiful Boy,2018,https://letterboxd.com/film/beautiful-boy-2018/
2019-03-24,Sierra Burgess Is a Loser,2018,https://letterboxd.com/film/sierra-burgess-is-a-loser/
2019-03-24,To All the Boys I've Loved Before,2018,https://letterboxd.com/film/to-all-the-boys-ive-loved-before/
2019-03-24,Crazy Rich Asians,2018,https://letterboxd.com/film/crazy-rich-asians/
2019-03-24,Ocean's Eight,2018,https://letterboxd.com/film/oceans-eight/
2019-03-24,John Mulaney: Kid Gorgeous at Radio City,2018,https://letterboxd.com/film/john-mulaney-kid-gorgeous-at-radio-city/
2019-03-24,"Love, Simon",2018,https://letterboxd.com/film/love-simon/
2019-03-24,Eighth Grade,2018,https://letterboxd.com/film/eighth-grade/
2019-03-24,Spider-Man: Homecoming,2017,https://letterboxd.com/film/spider-man-homecoming/
2019-03-24,Central Intelligence,2016,https://letterboxd.com/film/central-intelligence/
2019-03-24,John Mulaney: The Comeback Kid,2015,https://letterboxd.com/film/john-mulaney-the-comeback-kid/
2019-03-24,Aziz Ansari: Live at Madison Square Garden,2015,https://letterboxd.com/film/aziz-ansari-live-at-madison-square-garden/
2019-03-24,The Giver,2014,https://letterboxd.com/film/the-giver/
2019-03-24,Bo Burnham: What.,2013,https://letterboxd.com/film/bo-burnham-what/
2019-03-24,One Direction: This Is Us,2013,https://letterboxd.com/film/one-direction-this-is-us/
2019-03-24,The Vow,2012,https://letterboxd.com/film/the-vow/
2019-03-24,Donald Glover: Weirdo,2012,https://letterboxd.com/film/donald-glover-weirdo/
2019-03-24,Zookeeper,2011,https://letterboxd.com/film/zookeeper/
2019-03-24,Mr. Popper's Penguins,2011,https://letterboxd.com/film/mr-poppers-penguins/
2019-03-24,Ramona and Beezus,2010,https://letterboxd.com/film/ramona-and-beezus/
2019-03-24,The Last Song,2010,https://letterboxd.com/film/the-last-song/
2019-03-24,Diary of a Wimpy Kid,2010,https://letterboxd.com/film/diary-of-a-wimpy-kid/
2019-03-24,Starstruck,2010,https://letterboxd.com/film/starstruck-2010/
2019-03-24,Alvin and the Chipmunks: The Squeakquel,2009,https://letterboxd.com/film/alvin-and-the-chipmunks-the-squeakquel/
2019-03-24,Percy Jackson & the Olympians: The Lightning Thief,2010,https://letterboxd.com/film/percy-jackson-the-olympians-the-lightning-thief/
2019-03-24,A Christmas Carol,2009,https://letterboxd.com/film/a-christmas-carol-2009/
2019-03-24,The Princess and the Frog,2009,https://letterboxd.com/film/the-princess-and-the-frog/
2019-03-24,Wizards of Waverly Place: The Movie,2009,https://letterboxd.com/film/wizards-of-waverly-place-the-movie/
2019-03-24,Cloudy with a Chance of Meatballs,2009,https://letterboxd.com/film/cloudy-with-a-chance-of-meatballs/
2019-03-24,Princess Protection Program,2009,https://letterboxd.com/film/princess-protection-program/
2019-03-24,Monsters vs Aliens,2009,https://letterboxd.com/film/monsters-vs-aliens/
2019-03-24,Coraline,2009,https://letterboxd.com/film/coraline/
2019-03-24,Marley & Me,2008,https://letterboxd.com/film/marley-me/
2019-03-24,Paul Blart: Mall Cop,2009,https://letterboxd.com/film/paul-blart-mall-cop/
2019-03-24,Bedtime Stories,2008,https://letterboxd.com/film/bedtime-stories/
2019-03-24,"Merry Christmas, Drake & Josh",2008,https://letterboxd.com/film/merry-christmas-drake-josh/
2019-03-24,Twilight,2008,https://letterboxd.com/film/twilight-2008/
2019-03-24,Mamma Mia!,2008,https://letterboxd.com/film/mamma-mia/
2019-03-24,Camp Rock,2008,https://letterboxd.com/film/camp-rock/
2019-03-24,The Boy in the Striped Pyjamas,2008,https://letterboxd.com/film/the-boy-in-the-striped-pyjamas/
2019-03-24,Kung Fu Panda,2008,https://letterboxd.com/film/kung-fu-panda/
2019-03-24,Forgetting Sarah Marshall,2008,https://letterboxd.com/film/forgetting-sarah-marshall/
2019-03-24,Enchanted,2007,https://letterboxd.com/film/enchanted/
2019-03-24,Atonement,2007,https://letterboxd.com/film/atonement/
2019-03-24,High School Musical 2,2007,https://letterboxd.com/film/high-school-musical-2/
2019-03-24,The Game Plan,2007,https://letterboxd.com/film/the-game-plan/
2019-03-24,Zodiac,2007,https://letterboxd.com/film/zodiac/
2019-03-24,Meet the Robinsons,2007,https://letterboxd.com/film/meet-the-robinsons/
2019-03-24,Bridge to Terabithia,2007,https://letterboxd.com/film/bridge-to-terabithia/
2019-03-24,High School Musical,2006,https://letterboxd.com/film/high-school-musical/
2019-03-24,National Treasure,2004,https://letterboxd.com/film/national-treasure/
2019-03-24,The Incredibles,2004,https://letterboxd.com/film/the-incredibles/
2019-03-24,The Polar Express,2004,https://letterboxd.com/film/the-polar-express/
2019-03-24,Shark Tale,2004,https://letterboxd.com/film/shark-tale/
2019-03-24,A Cinderella Story,2004,https://letterboxd.com/film/a-cinderella-story/
2019-03-24,The Notebook,2004,https://letterboxd.com/film/the-notebook/
2019-03-24,Napoleon Dynamite,2004,https://letterboxd.com/film/napoleon-dynamite/
2019-03-24,13 Going on 30,2004,https://letterboxd.com/film/13-going-on-30/
2019-03-24,Brother Bear,2003,https://letterboxd.com/film/brother-bear/
2019-03-24,Love Actually,2003,https://letterboxd.com/film/love-actually/
2019-03-24,Freaky Friday,2003,https://letterboxd.com/film/freaky-friday-2003/
2019-03-24,The Lizzie McGuire Movie,2003,https://letterboxd.com/film/the-lizzie-mcguire-movie/
2019-03-24,Miss Congeniality,2000,https://letterboxd.com/film/miss-congeniality/
2019-03-24,The Green Mile,1999,https://letterboxd.com/film/the-green-mile/
2019-03-24,Matilda,1996,https://letterboxd.com/film/matilda/
2019-03-24,The Basketball Diaries,1995,https://letterboxd.com/film/the-basketball-diaries/
2019-03-24,Pulp Fiction,1994,https://letterboxd.com/film/pulp-fiction/
2019-03-24,Sleepless in Seattle,1993,https://letterboxd.com/film/sleepless-in-seattle/
2019-03-24,Sixteen Candles,1984,https://letterboxd.com/film/sixteen-candles/
2019-03-24,A Clockwork Orange,1971,https://letterboxd.com/film/a-clockwork-orange/
2019-03-24,The Wizard of Oz,1939,https://letterboxd.com/film/the-wizard-of-oz-1939/
2019-03-24,The Lobster,2015,https://letterboxd.com/film/the-lobster/
2019-03-24,Roma,2018,https://letterboxd.com/film/roma-2018/
2019-03-24,The Miseducation of Cameron Post,2018,https://letterboxd.com/film/the-miseducation-of-cameron-post/
2019-03-24,Dumbo,1941,https://letterboxd.com/film/dumbo/
2019-03-24,12 Angry Men,1957,https://letterboxd.com/film/12-angry-men/
2019-03-24,Do the Right Thing,1989,https://letterboxd.com/film/do-the-right-thing/
2019-03-24,My Fair Lady,1964,https://letterboxd.com/film/my-fair-lady/
2019-03-28,Dumplin',2018,https://letterboxd.com/film/dumplin/
2019-03-28,"I, Tonya",2017,https://letterboxd.com/film/i-tonya/
2019-03-28,In a Heartbeat,2017,https://letterboxd.com/film/in-a-heartbeat/
2019-03-28,Lars and the Real Girl,2007,https://letterboxd.com/film/lars-and-the-real-girl/
2019-03-28,The Muppets,2011,https://letterboxd.com/film/the-muppets/
2019-03-28,Megamind,2010,https://letterboxd.com/film/megamind/
2019-03-28,Despicable Me,2010,https://letterboxd.com/film/despicable-me/
2019-03-28,The Last Airbender,2010,https://letterboxd.com/film/the-last-airbender/
2019-03-28,The Karate Kid,2010,https://letterboxd.com/film/the-karate-kid-2010/
2019-03-28,High School Musical 3: Senior Year,2008,https://letterboxd.com/film/high-school-musical-3-senior-year/
2019-03-28,Bolt,2008,https://letterboxd.com/film/bolt/
2019-03-28,Ratatouille,2007,https://letterboxd.com/film/ratatouille/
2019-03-28,Pan's Labyrinth,2006,https://letterboxd.com/film/pans-labyrinth/
2019-03-28,Over the Hedge,2006,https://letterboxd.com/film/over-the-hedge/
2019-03-28,Madagascar,2005,https://letterboxd.com/film/madagascar/
2019-03-28,Spirited Away,2001,https://letterboxd.com/film/spirited-away/
2019-03-28,Shrek,2001,https://letterboxd.com/film/shrek/
2019-03-28,How the Grinch Stole Christmas,2000,https://letterboxd.com/film/how-the-grinch-stole-christmas-2000/
2019-03-28,Toy Story 2,1999,https://letterboxd.com/film/toy-story-2/
2019-03-28,The Hunchback of Notre Dame,1996,https://letterboxd.com/film/the-hunchback-of-notre-dame-1996/
2019-03-28,A League of Their Own,1992,https://letterboxd.com/film/a-league-of-their-own/
2019-03-28,The Karate Kid,1984,https://letterboxd.com/film/the-karate-kid/
2019-03-28,A Christmas Story,1983,https://letterboxd.com/film/a-christmas-story-1983/
2019-03-28,The Outsiders,1983,https://letterboxd.com/film/the-outsiders/
2019-03-28,Willy Wonka & the Chocolate Factory,1971,https://letterboxd.com/film/willy-wonka-the-chocolate-factory/
2019-03-28,The Jungle Book,1967,https://letterboxd.com/film/the-jungle-book/
2019-03-28,One Hundred and One Dalmatians,1961,https://letterboxd.com/film/one-hundred-and-one-dalmatians/
2019-03-28,Black Mirror: San Junipero,2016,https://letterboxd.com/film/black-mirror-san-junipero/
2019-03-28,Black Mirror: USS Callister,2017,https://letterboxd.com/film/black-mirror-uss-callister/
2019-03-28,Black Mirror: Hang the DJ,2017,https://letterboxd.com/film/black-mirror-hang-the-dj/
2019-03-28,Black Mirror: White Christmas,2014,https://letterboxd.com/film/black-mirror-white-christmas/
2019-03-28,Black Mirror: Black Museum,2017,https://letterboxd.com/film/black-mirror-black-museum/
2019-03-28,Black Mirror: Arkangel,2017,https://letterboxd.com/film/black-mirror-arkangel/
2019-03-28,John Mulaney: New in Town,2012,https://letterboxd.com/film/john-mulaney-new-in-town/
2019-03-28,Letter from an Unknown Woman,1948,https://letterboxd.com/film/letter-from-an-unknown-woman/
2019-03-28,Take Shelter,2011,https://letterboxd.com/film/take-shelter/
2019-03-28,City of God,2002,https://letterboxd.com/film/city-of-god/
2019-03-28,The Big Lebowski,1998,https://letterboxd.com/film/the-big-lebowski/
2019-03-28,Set It Up,2018,https://letterboxd.com/film/set-it-up/
2019-03-28,Bend It Like Beckham,2002,https://letterboxd.com/film/bend-it-like-beckham/
2019-03-28,The Manchurian Candidate,1962,https://letterboxd.com/film/the-manchurian-candidate/
2019-03-28,Ugetsu,1953,https://letterboxd.com/film/ugetsu/
2019-03-28,Cloverfield,2008,https://letterboxd.com/film/cloverfield/
2019-03-28,Bright Star,2009,https://letterboxd.com/film/bright-star/
2019-03-28,"Legally Blonde 2: Red, White & Blonde",2003,https://letterboxd.com/film/legally-blonde-2-red-white-blonde/
2019-03-28,The Shack,2017,https://letterboxd.com/film/the-shack/
2019-03-28,Henry V,1989,https://letterboxd.com/film/henry-v/
2019-03-28,Hamlet,1996,https://letterboxd.com/film/hamlet-1996/
2019-03-28,A Man for All Seasons,1966,https://letterboxd.com/film/a-man-for-all-seasons/
2019-03-28,Our Town,1940,https://letterboxd.com/film/our-town/
2019-03-28,Olaf's Frozen Adventure,2017,https://letterboxd.com/film/olafs-frozen-adventure/
2019-03-28,Young Frankenstein,1974,https://letterboxd.com/film/young-frankenstein/
2019-03-28,Speak,2004,https://letterboxd.com/film/speak/
2019-03-28,Paper Towns,2015,https://letterboxd.com/film/paper-towns/
2019-03-28,The Secret Life of Bees,2008,https://letterboxd.com/film/the-secret-life-of-bees/
2019-03-28,Children of the Corn,1984,https://letterboxd.com/film/children-of-the-corn/
2019-03-28,"Honey, I Shrunk the Kids",1989,https://letterboxd.com/film/honey-i-shrunk-the-kids/
2019-03-28,Adventureland,2009,https://letterboxd.com/film/adventureland/
2019-03-28,Changeling,2008,https://letterboxd.com/film/changeling/
2019-03-28,King of Hearts,1966,https://letterboxd.com/film/king-of-hearts/
2019-03-28,Hotel Rwanda,2004,https://letterboxd.com/film/hotel-rwanda/
2019-03-28,The Passion of the Christ,2004,https://letterboxd.com/film/the-passion-of-the-christ/
2019-03-28,Bo Burnham: Make Happy,2016,https://letterboxd.com/film/bo-burnham-make-happy/
2019-03-28,Jenny's Wedding,2015,https://letterboxd.com/film/jennys-wedding/
2019-03-28,Ragtime,1981,https://letterboxd.com/film/ragtime/
2019-03-28,Frozen Fever,2015,https://letterboxd.com/film/frozen-fever/
2019-03-28,Feast,2014,https://letterboxd.com/film/feast-2014/
2019-03-28,Get a Horse!,2013,https://letterboxd.com/film/get-a-horse/
2019-03-28,Paperman,2012,https://letterboxd.com/film/paperman/
2019-03-28,Tangled Ever After,2012,https://letterboxd.com/film/tangled-ever-after/
2019-03-28,The Ballad of Nessie,2011,https://letterboxd.com/film/the-ballad-of-nessie/
2019-03-28,Prep & Landing Stocking Stuffer: Operation: Secret Santa,2010,https://letterboxd.com/film/prep-landing-stocking-stuffer-operation-secret-santa/
2019-03-28,Tick Tock Tale,2010,https://letterboxd.com/film/tick-tock-tale/
2019-03-28,How to Hook Up Your Home Theater,2007,https://letterboxd.com/film/how-to-hook-up-your-home-theater/
2019-03-28,Underdog,2007,https://letterboxd.com/film/underdog/
2019-03-28,The Little Matchgirl,2006,https://letterboxd.com/film/the-little-matchgirl/
2019-03-28,Lorenzo,2004,https://letterboxd.com/film/lorenzo/
2019-03-28,John Henry,2000,https://letterboxd.com/film/john-henry/
2019-03-28,Jesus Camp,2006,https://letterboxd.com/film/jesus-camp/
2019-03-28,Too Legit,2016,https://letterboxd.com/film/too-legit/
2019-03-28,"Fuck Me, Ray Bradbury",2010,https://letterboxd.com/film/fuck-me-ray-bradbury/
2019-03-28,Living on One Dollar,2013,https://letterboxd.com/film/living-on-one-dollar/
2019-03-28,Skyfall,2012,https://letterboxd.com/film/skyfall/
2019-03-28,Come Together,2016,https://letterboxd.com/film/come-together-2016/
2019-03-28,The Woman in Black,2012,https://letterboxd.com/film/the-woman-in-black-2012/
2019-03-28,"Love, Rosie",2014,https://letterboxd.com/film/love-rosie/
2019-03-28,The Book of Life,2014,https://letterboxd.com/film/the-book-of-life-2014/
2019-03-28,Marmaduke,2010,https://letterboxd.com/film/marmaduke/
2019-03-28,Spooky Buddies,2011,https://letterboxd.com/film/spooky-buddies/
2019-03-28,The Search for Santa Paws,2010,https://letterboxd.com/film/the-search-for-santa-paws/
2019-03-28,Santa Buddies,2009,https://letterboxd.com/film/santa-buddies/
2019-03-28,Snow Buddies,2008,https://letterboxd.com/film/snow-buddies/
2019-03-28,Air Buddies,2006,https://letterboxd.com/film/air-buddies/
2019-03-28,Air Bud,1997,https://letterboxd.com/film/air-bud/
2019-03-28,Best Player,2011,https://letterboxd.com/film/best-player/
2019-03-28,"A Fairly Odd Movie: Grow Up, Timmy Turner!",2011,https://letterboxd.com/film/a-fairly-odd-movie-grow-up-timmy-turner/
2019-03-28,Rags,2012,https://letterboxd.com/film/rags/
2019-03-28,Big Time Movie,2012,https://letterboxd.com/film/big-time-movie/
2019-03-28,Phineas and Ferb the Movie: Across the 2nd Dimension,2011,https://letterboxd.com/film/phineas-and-ferb-the-movie-across-the-2nd-dimension/
2019-03-28,The Proud Family Movie,2005,https://letterboxd.com/film/the-proud-family-movie/
2019-03-28,Kim Possible: A Sitch In Time,2003,https://letterboxd.com/film/kim-possible-a-sitch-in-time/
2019-03-28,Kim Possible: So the Drama,2005,https://letterboxd.com/film/kim-possible-so-the-drama/
2019-03-28,Jimmy Neutron: Boy Genius,2001,https://letterboxd.com/film/jimmy-neutron-boy-genius/
2019-03-28,The SpongeBob SquarePants Movie,2004,https://letterboxd.com/film/the-spongebob-squarepants-movie/
2019-03-28,FRED: The Movie,2010,https://letterboxd.com/film/fred-the-movie/
2019-03-28,Fred 2: Night of the Living Fred,2011,https://letterboxd.com/film/fred-2-night-of-the-living-fred/
2019-03-28,Drake & Josh Go Hollywood,2006,https://letterboxd.com/film/drake-josh-go-hollywood/
2019-03-28,iCarly: iGo to Japan,2008,https://letterboxd.com/film/icarly-igo-to-japan/
2019-03-28,Snow White and the Huntsman,2012,https://letterboxd.com/film/snow-white-and-the-huntsman/
2019-03-28,The Twilight Saga: Eclipse,2010,https://letterboxd.com/film/the-twilight-saga-eclipse/
2019-03-28,The Twilight Saga: New Moon,2009,https://letterboxd.com/film/the-twilight-saga-new-moon/
2019-03-28,Star Wars: Episode III - Revenge of the Sith,2005,https://letterboxd.com/film/star-wars-episode-iii-revenge-of-the-sith/
2019-03-28,Return of the Jedi,1983,https://letterboxd.com/film/return-of-the-jedi/
2019-03-28,The Dark Knight Rises,2012,https://letterboxd.com/film/the-dark-knight-rises/
2019-03-28,Herbie Fully Loaded,2005,https://letterboxd.com/film/herbie-fully-loaded/
2019-03-28,Remember the Titans,2000,https://letterboxd.com/film/remember-the-titans/
2019-03-28,Ice Age,2002,https://letterboxd.com/film/ice-age/
2019-03-28,Surf's Up,2007,https://letterboxd.com/film/surfs-up/
2019-03-28,Flushed Away,2006,https://letterboxd.com/film/flushed-away/
2019-03-28,Gnomeo & Juliet,2011,https://letterboxd.com/film/gnomeo-juliet/
2019-03-28,Open Season,2006,https://letterboxd.com/film/open-season/
2019-03-28,Penguins of Madagascar,2014,https://letterboxd.com/film/penguins-of-madagascar-2014/
2019-03-28,Robin Hood,1973,https://letterboxd.com/film/robin-hood/
2019-03-28,The Emperor's New Groove,2000,https://letterboxd.com/film/the-emperors-new-groove/
2019-03-28,Home Alone: The Holiday Heist,2012,https://letterboxd.com/film/home-alone-the-holiday-heist/
2019-03-28,How the Grinch Stole Christmas!,1966,https://letterboxd.com/film/how-the-grinch-stole-christmas/
2019-03-28,A Charlie Brown Christmas,1965,https://letterboxd.com/film/a-charlie-brown-christmas/
2019-03-28,A Charlie Brown Thanksgiving,1973,https://letterboxd.com/film/a-charlie-brown-thanksgiving/
2019-03-28,A Charlie Brown Valentine,2002,https://letterboxd.com/film/a-charlie-brown-valentine/
2019-03-28,"It's the Great Pumpkin, Charlie Brown",1966,https://letterboxd.com/film/its-the-great-pumpkin-charlie-brown/
2019-03-28,The Year Without a Santa Claus,1974,https://letterboxd.com/film/the-year-without-a-santa-claus/
2019-03-28,Santa Claus Is Comin' to Town,1970,https://letterboxd.com/film/santa-claus-is-comin-to-town/
2019-03-28,Rudolph the Red-Nosed Reindeer,1964,https://letterboxd.com/film/rudolph-the-red-nosed-reindeer/
2019-03-28,Frosty the Snowman,1969,https://letterboxd.com/film/frosty-the-snowman/
2019-03-28,The Santa Clause,1994,https://letterboxd.com/film/the-santa-clause/
2019-05-09,Julie & Julia,2009,https://letterboxd.com/film/julie-julia/
2019-05-09,Meshes of the Afternoon,1943,https://letterboxd.com/film/meshes-of-the-afternoon/
2019-05-10,Brokeback Mountain,2005,https://letterboxd.com/film/brokeback-mountain/
2019-05-10,My Friend Dahmer,2017,https://letterboxd.com/film/my-friend-dahmer/
2019-05-11,Monty Python and the Holy Grail,1975,https://letterboxd.com/film/monty-python-and-the-holy-grail/
2019-05-12,My Big Fat Greek Wedding,2002,https://letterboxd.com/film/my-big-fat-greek-wedding/
2019-05-14,Someone Great,2019,https://letterboxd.com/film/someone-great/
2019-05-15,"Extremely Wicked, Shockingly Evil and Vile",2019,https://letterboxd.com/film/extremely-wicked-shockingly-evil-and-vile/
2019-05-17,Carrie,1976,https://letterboxd.com/film/carrie-1976/
2019-05-17,Reservoir Dogs,1992,https://letterboxd.com/film/reservoir-dogs/
2019-05-17,Full Metal Jacket,1987,https://letterboxd.com/film/full-metal-jacket/
2019-05-20,A Quiet Place,2018,https://letterboxd.com/film/a-quiet-place-2018/
2019-05-21,Hereditary,2018,https://letterboxd.com/film/hereditary/
2019-05-22,Ex Machina,2014,https://letterboxd.com/film/ex-machina-2014/
2019-05-22,The Lucky One,2012,https://letterboxd.com/film/the-lucky-one/
2019-05-22,Captain America: The First Avenger,2011,https://letterboxd.com/film/captain-america-the-first-avenger/
2019-05-22,Camp Rock 2: The Final Jam,2010,https://letterboxd.com/film/camp-rock-2-the-final-jam/
2019-05-22,Letters to Juliet,2010,https://letterboxd.com/film/letters-to-juliet/
2019-05-22,The Cheetah Girls: One World,2008,https://letterboxd.com/film/the-cheetah-girls-one-world/
2019-05-22,The Cheetah Girls 2,2006,https://letterboxd.com/film/the-cheetah-girls-2/
2019-05-22,The Princess Diaries,2001,https://letterboxd.com/film/the-princess-diaries/
2019-05-22,Chicken Run,2000,https://letterboxd.com/film/chicken-run/
2019-05-22,Tarzan,1999,https://letterboxd.com/film/tarzan/
2019-05-22,Pocahontas,1995,https://letterboxd.com/film/pocahontas/
2019-05-22,Romeo and Juliet,1968,https://letterboxd.com/film/romeo-and-juliet-1968/
2019-05-22,Peter Pan,1953,https://letterboxd.com/film/peter-pan/
2019-05-22,Lady and the Tramp,1955,https://letterboxd.com/film/lady-and-the-tramp/
2019-05-22,Alice in Wonderland,1951,https://letterboxd.com/film/alice-in-wonderland-1951/
2019-05-22,Bambi,1942,https://letterboxd.com/film/bambi/
2019-05-22,Pinocchio,1940,https://letterboxd.com/film/pinocchio/
2019-05-22,Annie,1982,https://letterboxd.com/film/annie/
2019-05-22,The Amazing Spider-Man 2,2014,https://letterboxd.com/film/the-amazing-spider-man-2/
2019-05-22,Black Mirror: The National Anthem,2011,https://letterboxd.com/film/black-mirror-the-national-anthem/
2019-05-22,Black Mirror: Fifteen Million Merits,2011,https://letterboxd.com/film/black-mirror-fifteen-million-merits/
2019-05-22,Black Mirror: The Entire History of You,2011,https://letterboxd.com/film/black-mirror-the-entire-history-of-you-2011/
2019-05-22,Black Mirror: Be Right Back,2013,https://letterboxd.com/film/black-mirror-be-right-back/
2019-05-22,Black Mirror: White Bear,2013,https://letterboxd.com/film/black-mirror-white-bear/
2019-05-22,Black Mirror: The Waldo Moment,2013,https://letterboxd.com/film/black-mirror-the-waldo-moment/
2019-05-22,Black Mirror: Nosedive,2016,https://letterboxd.com/film/black-mirror-nosedive/
2019-05-22,Black Mirror: Playtest,2016,https://letterboxd.com/film/black-mirror-playtest-1/
2019-05-22,Black Mirror: Shut Up and Dance,2016,https://letterboxd.com/film/black-mirror-shut-up-and-dance-1/
2019-05-22,Black Mirror: Men Against Fire,2016,https://letterboxd.com/film/black-mirror-men-against-fire/
2019-05-22,Black Mirror: Hated in the Nation,2016,https://letterboxd.com/film/black-mirror-hated-in-the-nation-1/
2019-05-22,Black Mirror: Crocodile,2017,https://letterboxd.com/film/black-mirror-crocodile/
2019-05-22,Black Mirror: Metalhead,2017,https://letterboxd.com/film/black-mirror-metalhead/
2019-05-22,Annihilation,2018,https://letterboxd.com/film/annihilation/
2019-05-23,Holes,2003,https://letterboxd.com/film/holes/
2019-05-24,Notting Hill,1999,https://letterboxd.com/film/notting-hill/
2019-05-25,Kill Bill: Vol. 2,2004,https://letterboxd.com/film/kill-bill-vol-2/
2019-05-28,GoodFellas,1990,https://letterboxd.com/film/goodfellas/
2019-05-28,Four Weddings and a Funeral,1994,https://letterboxd.com/film/four-weddings-and-a-funeral/
2019-05-28,Coco,2017,https://letterboxd.com/film/coco-2017/
2019-05-29,Fargo,1996,https://letterboxd.com/film/fargo/
2019-05-29,Booksmart,2019,https://letterboxd.com/film/booksmart/
2019-05-30,Alex Strangelove,2018,https://letterboxd.com/film/alex-strangelove/
2019-06-02,Tully,2018,https://letterboxd.com/film/tully-2018/
2019-06-03,Nick and Norah's Infinite Playlist,2008,https://letterboxd.com/film/nick-and-norahs-infinite-playlist/
2019-06-04,The Princess Bride,1987,https://letterboxd.com/film/the-princess-bride/
2019-06-04,Back to the Future,1985,https://letterboxd.com/film/back-to-the-future/
2019-06-04,Rain Man,1988,https://letterboxd.com/film/rain-man/
2019-06-05,Baby Driver,2017,https://letterboxd.com/film/baby-driver/
2019-06-06,The Perfect Date,2019,https://letterboxd.com/film/the-perfect-date-2019/
2019-06-09,Scott Pilgrim vs. the World,2010,https://letterboxd.com/film/scott-pilgrim-vs-the-world/
2019-06-09,A Star Is Born,2018,https://letterboxd.com/film/a-star-is-born-2018/
2019-06-11,Batman Begins,2005,https://letterboxd.com/film/batman-begins/
2019-06-12,Being John Malkovich,1999,https://letterboxd.com/film/being-john-malkovich/
2019-06-15,Wreck-It Ralph,2012,https://letterboxd.com/film/wreck-it-ralph/
2019-06-18,Blockers,2018,https://letterboxd.com/film/blockers/
2019-06-20,Always Be My Maybe,2019,https://letterboxd.com/film/always-be-my-maybe-2019/
2019-06-21,50/50,2011,https://letterboxd.com/film/50-50/
2019-06-21,Scarface,1983,https://letterboxd.com/film/scarface-1983/
2019-06-22,The Butterfly Effect,2004,https://letterboxd.com/film/the-butterfly-effect/
2019-06-22,Spring Breakers,2012,https://letterboxd.com/film/spring-breakers/
2019-06-22,Chernobyl,2019,https://letterboxd.com/film/chernobyl/
2019-06-23,Colette,2018,https://letterboxd.com/film/colette-2018/
2019-06-23,Chasing Happiness,2019,https://letterboxd.com/film/jonas-brothers-chasing-happiness/
2019-06-23,Demi Lovato: Simply Complicated,2017,https://letterboxd.com/film/demi-lovato-simply-complicated/
2019-06-24,Pitch Perfect 3,2017,https://letterboxd.com/film/pitch-perfect-3/
2019-06-24,P.S. I Love You,2007,https://letterboxd.com/film/ps-i-love-you/
2019-06-26,The Sisterhood of the Traveling Pants,2005,https://letterboxd.com/film/the-sisterhood-of-the-traveling-pants/
2019-06-27,Spider-Man: Into the Spider-Verse,2018,https://letterboxd.com/film/spider-man-into-the-spider-verse/
2019-06-28,The Imitation Game,2014,https://letterboxd.com/film/the-imitation-game/
2019-06-28,It,2017,https://letterboxd.com/film/it-2017/
2019-06-30,The Emoji Movie,2017,https://letterboxd.com/film/the-emoji-movie/
2019-07-01,How to Lose a Guy in 10 Days,2003,https://letterboxd.com/film/how-to-lose-a-guy-in-10-days/
2019-07-02,Into the Wild,2007,https://letterboxd.com/film/into-the-wild/
2019-07-03,The Greatest Showman,2017,https://letterboxd.com/film/the-greatest-showman/
2019-07-04,Children of Men,2006,https://letterboxd.com/film/children-of-men/
2019-07-06,My Girl,1991,https://letterboxd.com/film/my-girl/
2019-07-06,Fifty Shades of Grey,2015,https://letterboxd.com/film/fifty-shades-of-grey/
2019-07-06,Black Mirror: Striking Vipers,2019,https://letterboxd.com/film/black-mirror-striking-vipers/
2019-07-06,Black Mirror: Smithereens,2019,https://letterboxd.com/film/black-mirror-smithereens/
2019-07-06,"Black Mirror: Rachel, Jack and Ashley Too",2019,https://letterboxd.com/film/black-mirror-rachel-jack-and-ashley-too/
2019-07-07,The Killing of a Sacred Deer,2017,https://letterboxd.com/film/the-killing-of-a-sacred-deer/
2019-07-07,Coherence,2013,https://letterboxd.com/film/coherence/
2019-07-08,Bohemian Rhapsody,2018,https://letterboxd.com/film/bohemian-rhapsody/
2019-07-08,127 Hours,2010,https://letterboxd.com/film/127-hours/
2019-07-09,Fifty Shades Darker,2017,https://letterboxd.com/film/fifty-shades-darker/
2019-07-10,Alice in Wonderland,2010,https://letterboxd.com/film/alice-in-wonderland-2010/
2019-07-13,The Machinist,2004,https://letterboxd.com/film/the-machinist/
2019-07-13,First Reformed,2017,https://letterboxd.com/film/first-reformed/
2019-07-21,WarGames,1983,https://letterboxd.com/film/wargames/
2019-07-22,White Chicks,2004,https://letterboxd.com/film/white-chicks/
2019-07-22,Mamma Mia! Here We Go Again,2018,https://letterboxd.com/film/mamma-mia-here-we-go-again/
2019-07-22,The Florida Project,2017,https://letterboxd.com/film/the-florida-project/
2019-07-22,A Ghost Story,2017,https://letterboxd.com/film/a-ghost-story-2017/
2019-07-23,mother!,2017,https://letterboxd.com/film/mother-2017/
2019-07-23,When Harry Met Sally...,1989,https://letterboxd.com/film/when-harry-met-sally/
2019-07-24,Paddington,2014,https://letterboxd.com/film/paddington/
2019-07-25,27 Dresses,2008,https://letterboxd.com/film/27-dresses/
2019-07-27,The Dark Knight,2008,https://letterboxd.com/film/the-dark-knight/
2019-07-27,Milk,2008,https://letterboxd.com/film/milk-2008/
2019-07-27,Miss Stevens,2016,https://letterboxd.com/film/miss-stevens/
2019-07-28,Dogtooth,2009,https://letterboxd.com/film/dogtooth/
2019-07-28,Professor Marston and the Wonder Women,2017,https://letterboxd.com/film/professor-marston-and-the-wonder-women/
2019-07-29,The Neon Demon,2016,https://letterboxd.com/film/the-neon-demon/
2019-07-29,First Girl I Loved,2016,https://letterboxd.com/film/first-girl-i-loved/
2019-07-29,Thelma,2017,https://letterboxd.com/film/thelma-2017/
2019-07-29,Big Little Lies,2017,https://letterboxd.com/film/big-little-lies/
2019-07-29,Imagine Me & You,2005,https://letterboxd.com/film/imagine-me-you/
2019-07-30,Disobedience,2017,https://letterboxd.com/film/disobedience-2017/
2019-07-31,Vertigo,1958,https://letterboxd.com/film/vertigo/
2019-08-01,Rear Window,1954,https://letterboxd.com/film/rear-window/
2019-08-02,Corpse Bride,2005,https://letterboxd.com/film/corpse-bride/
2019-08-03,D.E.B.S.,2004,https://letterboxd.com/film/debs/
2019-08-03,Beaches,1988,https://letterboxd.com/film/beaches/
2019-08-10,The Favourite,2018,https://letterboxd.com/film/the-favourite/
2019-08-10,The Proposal,2009,https://letterboxd.com/film/the-proposal-2009/
2019-08-10,Cruel Intentions,1999,https://letterboxd.com/film/cruel-intentions/
2019-08-10,A Simple Favor,2018,https://letterboxd.com/film/a-simple-favor/
2019-08-11,Erin Brockovich,2000,https://letterboxd.com/film/erin-brockovich/
2019-08-11,The Lovely Bones,2009,https://letterboxd.com/film/the-lovely-bones/
2019-08-12,Dumb and Dumber,1994,https://letterboxd.com/film/dumb-and-dumber/
2019-08-13,Suicide Squad,2016,https://letterboxd.com/film/suicide-squad-2016/
2019-08-14,Paddington 2,2017,https://letterboxd.com/film/paddington-2/
2019-08-15,Kramer vs. Kramer,1979,https://letterboxd.com/film/kramer-vs-kramer/
2019-08-15,Frozen II,2019,https://letterboxd.com/film/frozen-ii/
2019-08-16,Panic Room,2002,https://letterboxd.com/film/panic-room/
2019-08-17,Inglourious Basterds,2009,https://letterboxd.com/film/inglourious-basterds/
2019-08-17,Pleasantville,1998,https://letterboxd.com/film/pleasantville/
2019-08-18,She's All That,1999,https://letterboxd.com/film/shes-all-that/
2019-08-20,Boy Erased,2018,https://letterboxd.com/film/boy-erased/
2019-08-20,My Cousin Vinny,1992,https://letterboxd.com/film/my-cousin-vinny/
2019-08-20,Fifty Shades Freed,2018,https://letterboxd.com/film/fifty-shades-freed/
2019-08-21,Friends with Benefits,2011,https://letterboxd.com/film/friends-with-benefits/
2019-08-21,The Terminator,1984,https://letterboxd.com/film/the-terminator/
2019-08-21,28 Days Later,2002,https://letterboxd.com/film/28-days-later/
2019-08-22,Superbad,2007,https://letterboxd.com/film/superbad/
2019-08-22,Sunset Boulevard,1950,https://letterboxd.com/film/sunset-boulevard/
2019-11-23,Daddy Issues,2019,https://letterboxd.com/film/daddy-issues/
2019-12-22,Akeelah and the Bee,2006,https://letterboxd.com/film/akeelah-and-the-bee/
2019-12-24,Marriage Story,2019,https://letterboxd.com/film/marriage-story-2019/
2019-12-25,The Garden of Words,2013,https://letterboxd.com/film/the-garden-of-words/
2019-12-27,American History X,1998,https://letterboxd.com/film/american-history-x/
2019-12-27,After,2019,https://letterboxd.com/film/after-2019/
2020-01-03,Us,2019,https://letterboxd.com/film/us-2019/
2020-01-04,The Hate U Give,2018,https://letterboxd.com/film/the-hate-u-give/
2020-01-05,Hunt for the Wilderpeople,2016,https://letterboxd.com/film/hunt-for-the-wilderpeople/
2020-01-14,Midsommar,2019,https://letterboxd.com/film/midsommar/
2020-03-07,To All the Boys: P.S. I Still Love You,2020,https://letterboxd.com/film/to-all-the-boys-ps-i-still-love-you/
2020-03-07,Parasite,2019,https://letterboxd.com/film/parasite-2019/
2020-03-08,Knives Out,2019,https://letterboxd.com/film/knives-out-2019/
2020-03-08,Jojo Rabbit,2019,https://letterboxd.com/film/jojo-rabbit/
2020-03-09,"Crazy, Stupid, Love.",2011,https://letterboxd.com/film/crazy-stupid-love/
2020-05-02,The Half of It,2020,https://letterboxd.com/film/the-half-of-it/
2020-05-03,The Last Five Years,2014,https://letterboxd.com/film/the-last-five-years/
2020-05-09,Portrait of a Lady on Fire,2019,https://letterboxd.com/film/portrait-of-a-lady-on-fire/
2020-05-10,Django Unchained,2012,https://letterboxd.com/film/django-unchained/
2020-05-11,Tokyo Story,1953,https://letterboxd.com/film/tokyo-story/
2020-05-11,The Kissing Booth,2018,https://letterboxd.com/film/the-kissing-booth/
2020-05-12,Ferris Bueller's Day Off,1986,https://letterboxd.com/film/ferris-buellers-day-off/
2020-05-12,Miss Americana,2020,https://letterboxd.com/film/miss-americana/
2020-05-13,Misery,1990,https://letterboxd.com/film/misery/
2020-05-15,School of Rock,2003,https://letterboxd.com/film/school-of-rock/
2020-05-15,A Parks and Recreation Special,2020,https://letterboxd.com/film/a-parks-and-recreation-special/
2020-05-18,I'm in Love with a Church Girl,2013,https://letterboxd.com/film/im-in-love-with-a-church-girl/
2020-05-18,The Interview,2014,https://letterboxd.com/film/the-interview-2014/
2020-05-20,Freedom Writers,2007,https://letterboxd.com/film/freedom-writers/
2020-05-26,Tusk,2014,https://letterboxd.com/film/tusk-2014/
2020-05-28,Saving Private Ryan,1998,https://letterboxd.com/film/saving-private-ryan/
2020-05-29,The Ring,2002,https://letterboxd.com/film/the-ring-2002/
2020-05-29,Eraserhead,1977,https://letterboxd.com/film/eraserhead/
2020-05-30,The Passion of Joan of Arc,1928,https://letterboxd.com/film/the-passion-of-joan-of-arc/
2020-05-30,Uncut Gems,2019,https://letterboxd.com/film/uncut-gems/
2020-05-31,Hell or High Water,2016,https://letterboxd.com/film/hell-or-high-water/
2020-06-01,The Package,2018,https://letterboxd.com/film/the-package-2018/
2020-06-03,I Am Not Your Negro,2016,https://letterboxd.com/film/i-am-not-your-negro/
2020-06-04,If Beale Street Could Talk,2018,https://letterboxd.com/film/if-beale-street-could-talk/
2020-06-05,Just Mercy,2019,https://letterboxd.com/film/just-mercy/
2020-06-07,13th,2016,https://letterboxd.com/film/13th/
2020-06-07,The Lovebirds,2020,https://letterboxd.com/film/the-lovebirds/
2020-06-07,All the Bright Places,2020,https://letterboxd.com/film/all-the-bright-places/
2020-06-08,Drive,2011,https://letterboxd.com/film/drive-2011/
2020-06-08,Raiders of the Lost Ark,1981,https://letterboxd.com/film/raiders-of-the-lost-ark/
2020-06-09,Tall Girl,2019,https://letterboxd.com/film/tall-girl/
2020-06-09,Rosemary's Baby,1968,https://letterboxd.com/film/rosemarys-baby/
2020-06-10,Roman Holiday,1953,https://letterboxd.com/film/roman-holiday/
2020-06-10,Zombieland,2009,https://letterboxd.com/film/zombieland/
2020-06-12,Pretty in Pink,1986,https://letterboxd.com/film/pretty-in-pink/
2020-06-12,The Handmaiden,2016,https://letterboxd.com/film/the-handmaiden/
2020-06-13,Amy,2015,https://letterboxd.com/film/amy-2015/
2020-06-13,365 Days,2020,https://letterboxd.com/film/365-days-2020/
2020-06-14,He's Just Not That Into You,2009,https://letterboxd.com/film/hes-just-not-that-into-you/
2020-06-15,Swiss Army Man,2016,https://letterboxd.com/film/swiss-army-man/
2020-06-16,Some Like It Hot,1959,https://letterboxd.com/film/some-like-it-hot/
2020-06-17,Hearts Beat Loud,2018,https://letterboxd.com/film/hearts-beat-loud/
2020-06-18,The Disaster Artist,2017,https://letterboxd.com/film/the-disaster-artist/
2020-06-19,Fight Club,1999,https://letterboxd.com/film/fight-club/
2020-06-20,Joker,2019,https://letterboxd.com/film/joker-2019/
2020-06-20,BlacKkKlansman,2018,https://letterboxd.com/film/blackkklansman/
2020-06-21,She's the Man,2006,https://letterboxd.com/film/shes-the-man/
2020-06-21,Water for Elephants,2011,https://letterboxd.com/film/water-for-elephants/
2020-06-22,Sorry to Bother You,2018,https://letterboxd.com/film/sorry-to-bother-you/
2020-06-22,Valentine's Day,2010,https://letterboxd.com/film/valentines-day/
2020-06-23,Disclosure,2020,https://letterboxd.com/film/disclosure-2020-1/
2020-06-24,Dear John,2010,https://letterboxd.com/film/dear-john/
2020-06-25,Election,1999,https://letterboxd.com/film/election/
2020-06-28,Minority Report,2002,https://letterboxd.com/film/minority-report/
2020-06-28,The Color Purple,1985,https://letterboxd.com/film/the-color-purple/
2020-06-30,The Grand Budapest Hotel,2014,https://letterboxd.com/film/the-grand-budapest-hotel/
2020-07-02,Terrifier,2016,https://letterboxd.com/film/terrifier-2016/
2020-07-03,Raging Bull,1980,https://letterboxd.com/film/raging-bull/
